,step,T,E,acceptance,improvement
0,0,0.0,3224.691601913026,,
1,401,460.0,2656.8786645069977,0.465,0.2
2,601,690.0,2957.585677329077,0.6,0.285
3,801,1000.0,3338.8515310156963,0.75,0.39
4,1001,1500.0,2705.6845439267595,0.815,0.395
5,1201,2200.0,3266.9643742860153,0.88,0.45
6,1401,3300.0,3344.5686938877666,0.89,0.46
7,1601,5000.0,4313.019305779098,0.925,0.42
8,1801,7500.0,4649.162651661561,0.945,0.47
9,2001,11000.0,3200.288396847698,0.98,0.44
10,2201,7300.0,3521.1999898855615,0.95,0.46
11,2401,4900.0,3309.7872501439992,0.93,0.495
12,2601,3300.0,2650.5675038853806,0.91,0.435
13,2801,2200.0,4386.79735444881,0.87,0.415
14,3001,1500.0,2828.5364614257446,0.795,0.42
15,3201,1000.0,2784.935613510947,0.7,0.35
16,3401,670.0,2783.005752035125,0.62,0.33
17,3601,450.0,2773.952475507215,0.46,0.21
18,3801,300.0,2509.014390187123,0.39,0.2
19,4001,200.0,2654.5536713259485,0.26,0.105
20,4201,130.0,2317.9929633261722,0.03,0.015
21,4401,87.0,2317.9929633261722,0.0,0.0
22,0,11000.0,2317.9929633261722,,
23,1,10946.891452744363,3645.4606876498246,1.0,0.0
24,2,10894.039316197053,2468.35537414478,1.0,1.0
25,3,10841.442352394415,4558.839003328867,1.0,0.0
26,4,10789.099329349743,4558.839003328867,1.0,0.0
27,5,10737.009021024422,3530.299158180343,1.0,1.0
28,6,10685.170207299214,4749.492890868455,1.0,0.0
29,7,10633.58167394568,4220.914767707104,1.0,1.0
30,8,10582.242212597734,5183.294584363058,1.0,0.0
31,9,10531.15062072334,3798.6083350535255,1.0,1.0
32,10,10480.305701596346,4764.822445075717,1.0,0.0
33,11,10429.70626426846,3668.735763213562,1.0,1.0
34,12,10379.35112354134,4483.218730990229,1.0,0.0
35,13,10329.239099938844,4889.548557227319,1.0,0.0
36,14,10279.369019679403,3460.0645753781323,1.0,1.0
37,15,10229.739714648513,3157.56159360087,1.0,1.0
38,16,10180.350022371398,3157.703144145743,1.0,0.0
39,17,10131.198785985758,2798.8010652840344,1.0,1.0
40,18,10082.284854214688,3668.088728216052,1.0,0.0
41,19,10033.6070813397,3045.4009913953396,1.0,1.0
42,20,9985.1643271739,3649.482603766696,1.0,0.0
43,21,9936.955457035261,3150.0745575775504,1.0,1.0
44,22,9888.979341720069,5197.039537486196,1.0,0.0
45,23,9841.234857476453,3472.9721501118984,1.0,1.0
46,24,9793.72088597808,3129.6629001730466,1.0,1.0
47,25,9746.436314297946,3364.4016958828597,1.0,0.0
48,26,9699.380034882313,3412.361147766724,1.0,0.0
49,27,9652.550945524776,3126.3541968916097,1.0,1.0
50,28,9605.947949340425,4969.310895765101,1.0,0.0
51,29,9559.569954740176,3750.4792539430273,1.0,1.0
52,30,9513.415875405186,4308.025082468015,1.0,0.0
53,31,9467.484630261417,4023.9193365900223,1.0,1.0
54,32,9421.7751434543,3810.027043114165,1.0,1.0
55,33,9376.286344323562,3569.578529933507,1.0,1.0
56,34,9331.017167378119,3971.9584554029875,1.0,0.0
57,35,9285.966552271131,3749.527511735505,1.0,1.0
58,36,9241.133443775172,3201.2312604151152,1.0,1.0
59,37,9196.5167917575,3114.6874650540954,1.0,1.0
60,38,9152.115551155472,3244.432025028832,1.0,0.0
61,39,9107.928681952055,5182.77006766941,1.0,0.0
62,40,9063.95514915147,4246.774840693315,1.0,1.0
63,41,9020.193922754954,4547.735107837535,1.0,0.0
64,42,8976.643977736623,3336.159028187212,1.0,1.0
65,43,8933.304294019472,2744.0811734597996,1.0,1.0
66,44,8890.17385645148,4360.421161558122,1.0,0.0
67,45,8847.251654781827,3375.7630974826507,1.0,1.0
68,46,8804.536683637236,2773.952475507215,1.0,1.0
69,47,8762.027942498424,3318.348845916763,1.0,0.0
70,48,8719.72443567666,3084.3575857312076,1.0,1.0
71,49,8677.625172290454,2593.1313469609,1.0,1.0
72,50,8635.729166242338,2429.1415405601674,1.0,1.0
73,51,8594.035436195769,3196.769938233436,1.0,0.0
74,52,8552.543005552148,5065.261740120481,1.0,0.0
75,53,8511.250902427946,3695.4034188985415,1.0,1.0
76,54,8470.158159631928,4562.8397062295135,1.0,0.0
77,55,8429.263814642518,3612.5787788898656,1.0,1.0
78,56,8388.566909585228,3101.173974687849,1.0,1.0
79,57,8348.06649121025,3530.299158180343,1.0,0.0
80,58,8307.7616108701,4595.353270742924,1.0,0.0
81,59,8267.651324497421,3112.1292944642605,1.0,1.0
82,60,8227.734692582859,3894.3584711796243,1.0,0.0
83,61,8188.01078015305,2813.0924429513475,1.0,1.0
84,62,8148.47865674874,4612.146937487073,1.0,0.0
85,63,8109.137396402967,3117.47626231718,1.0,1.0
86,64,8069.986077619394,3697.471657870572,1.0,0.0
87,65,8031.023783350704,2506.0121034392573,1.0,1.0
88,66,7992.249600977138,2719.977059184916,1.0,0.0
89,67,7953.662622285107,2782.433603150234,1.0,0.0
90,68,7915.261943445924,3535.5315396407527,1.0,0.0
91,69,7877.046664994628,3774.0058535404014,1.0,0.0
92,70,7839.015891808926,3969.088182283828,1.0,0.0
93,71,7801.168733088215,4079.374054677595,1.0,0.0
94,72,7763.504302332723,3969.088182283828,1.0,1.0
95,73,7726.021717322743,3397.1799382929557,1.0,1.0
96,74,7688.720100097969,5060.04749693548,1.0,0.0
97,75,7651.598576936931,3928.983570209455,1.0,1.0
98,76,7614.656278336529,5185.154138153927,1.0,0.0
99,77,7577.892338991668,3603.9182796646924,1.0,1.0
100,78,7541.30589777499,3603.9182796646924,0.0,0.0
101,79,7504.896097716699,3319.4246958964304,1.0,1.0
102,80,7468.662085984497,3801.766693274979,1.0,0.0
103,81,7432.603013863597,2652.503977104213,1.0,1.0
104,82,7396.7180367368555,3408.7913422204037,1.0,0.0
105,83,7361.006314064976,3514.713555791132,1.0,0.0
106,84,7325.467009366835,3378.395712062433,1.0,1.0
107,85,7290.099290199873,5065.261740120481,1.0,0.0
108,86,7254.902328140613,5065.261740120481,1.0,0.0
109,87,7219.8752987652415,3251.8335041016144,1.0,1.0
110,88,7185.017381630307,2769.8849406831496,1.0,1.0
111,89,7150.3277602535,2769.8849406831496,0.0,0.0
112,90,7115.805622094525,2792.733593103627,1.0,0.0
113,91,7081.450158536076,3016.521146797224,1.0,0.0
114,92,7047.26056486489,2528.9792252847546,1.0,1.0
115,93,7013.2360402528975,2709.7442225050704,1.0,0.0
116,94,6979.3757877384705,3251.8335041016144,1.0,0.0
117,95,6945.679014207746,5065.261740120481,1.0,0.0
118,96,6912.144930376061,4507.9407845230635,1.0,1.0
119,97,6878.7727507694535,5065.261740120481,1.0,0.0
120,98,6845.561693706269,3930.9024201177012,1.0,1.0
121,99,6812.510981278853,3342.333251247944,1.0,1.0
122,100,6779.619839335326,3342.333251247944,0.0,0.0
123,101,6746.887497461455,4224.0659082396305,1.0,0.0
124,102,6714.3131889626,4132.539520147197,1.0,1.0
125,103,6681.896150845766,4067.513242529336,1.0,1.0
126,104,6649.635623801725,3638.3875421284492,1.0,1.0
127,105,6617.53085218723,3369.7113504258014,1.0,1.0
128,106,6585.58108400732,3635.377668676743,1.0,0.0
129,107,6553.785570897698,4618.178299098832,1.0,0.0
130,108,6522.1435681072135,3869.6212752267934,1.0,1.0
131,109,6490.654334480407,3992.9585645086822,1.0,0.0
132,110,6459.3171324401565,3958.477582746257,1.0,1.0
133,111,6428.131227970398,3520.531839894898,1.0,1.0
134,112,6397.095890598934,4148.500318112896,1.0,0.0
135,113,6366.2103933803255,4577.564731049391,1.0,0.0
136,114,6335.474012878854,4314.989370038022,1.0,1.0
137,115,6304.886029151597,3587.162633921814,1.0,1.0
138,116,6274.445725731542,4279.086629280133,1.0,0.0
139,117,6244.152389610819,3541.011698061703,1.0,1.0
140,118,6214.005311223997,3779.644139512347,1.0,0.0
141,119,6184.003784431459,4030.2109257680568,1.0,0.0
142,120,6154.147106502867,3521.1999898855615,1.0,1.0
143,121,6124.434578100699,4234.953387929623,1.0,0.0
144,122,6094.865503263869,4969.310895765101,1.0,0.0
145,123,6065.439189391431,4969.310895765101,1.0,0.0
146,124,6036.154947226341,3389.268252395874,1.0,1.0
147,125,6007.01209083933,4762.773197299724,1.0,0.0
148,126,5978.009937612827,3110.5502927515577,1.0,1.0
149,127,5949.147808224976,2912.999822009192,1.0,1.0
150,128,5920.425026633712,2872.224722275317,1.0,1.0
151,129,5891.840920060946,2597.6142968447293,1.0,1.0
152,130,5863.394818976786,3396.4627042439497,1.0,0.0
153,131,5835.0860570838695,3388.26792057587,1.0,1.0
154,132,5806.913971301748,3353.0065838708583,1.0,1.0
155,133,5778.877901751357,3463.7585210453476,1.0,0.0
156,134,5750.977191739565,2529.960087080756,1.0,1.0
157,135,5723.211187743784,2739.7578545094225,1.0,0.0
158,136,5695.579239396667,3109.150837996959,1.0,0.0
159,137,5668.080699470874,3157.703144145743,1.0,0.0
160,138,5640.7149238639095,3196.9968344040017,1.0,0.0
161,139,5613.481271583037,3636.473392966283,1.0,0.0
162,140,5586.379104730263,4295.848938223619,1.0,0.0
163,141,5559.407788487401,3191.4927970633407,1.0,1.0
164,142,5532.566691101199,4455.1644035570525,1.0,0.0
165,143,5505.8551838685335,3935.56010796682,1.0,1.0
166,144,5479.2726411217,4455.1644035570525,1.0,0.0
167,145,5452.818440213743,3184.1126388800085,1.0,1.0
168,146,5426.491961503879,3698.9668811832626,1.0,0.0
169,147,5400.2925883429825,2787.301903360144,1.0,1.0
170,148,5374.219707059139,4073.655989606108,1.0,0.0
171,149,5348.272706943273,3119.5844235399295,1.0,1.0
172,150,5322.450980234843,2864.4204051272372,1.0,1.0
173,151,5296.753922107605,2597.168707641842,1.0,1.0
174,152,5271.180930655448,2890.5810207117584,1.0,0.0
175,153,5245.731406878291,3119.5844235399295,1.0,0.0
176,154,5220.404754668056,2864.4204051272372,1.0,1.0
177,155,5195.200380794708,4774.902052063044,1.0,0.0
178,156,5170.117694892349,4092.6749036375163,1.0,1.0
179,157,5145.156109445405,3369.7113504258014,1.0,1.0
180,158,5120.315039774849,3719.315787457955,1.0,0.0
181,159,5095.593904024519,3463.2230619913234,1.0,1.0
182,160,5070.992123147481,3835.4182411803063,1.0,0.0
183,161,5046.509120892468,4070.197416058763,1.0,0.0
184,162,5022.144323790383,3081.143253836768,1.0,1.0
185,163,4997.89716114087,4401.434296651931,1.0,0.0
186,164,4973.767064998937,5472.141706449764,1.0,0.0
187,165,4949.753470161661,4031.507037647063,1.0,1.0
188,166,4925.85581415495,3225.5279105352774,1.0,1.0
189,167,4902.073537220359,3282.109431400904,1.0,0.0
190,168,4878.406082301988,3535.099720099689,1.0,0.0
191,169,4854.852895033432,2945.7242778751665,1.0,1.0
192,170,4831.413423724791,2934.0175148048315,1.0,1.0
193,171,4808.087119349754,2656.8786645069977,1.0,1.0
194,172,4784.873435532736,2893.920380145123,1.0,0.0
195,173,4761.771828536078,2469.3925284533934,1.0,1.0
196,174,4738.781757247317,3105.616048817653,1.0,0.0
197,175,4715.902683166506,3154.0880607474237,1.0,0.0
198,176,4693.134070393603,4445.396066979681,1.0,0.0
199,177,4670.475385615918,3761.2756736725946,1.0,1.0
200,178,4647.926098095621,4265.408700147693,1.0,0.0
201,179,4625.48567965731,3581.6394844241777,1.0,1.0
202,180,4603.153604675641,4595.696426196599,1.0,0.0
203,181,4580.9293500630165,3646.315254271919,1.0,1.0
204,182,4558.81239525733,2743.004255928411,1.0,1.0
205,183,4536.802222209774,2741.361775290938,1.0,1.0
206,184,4514.8983153727095,3577.5697988847955,1.0,0.0
207,185,4493.100161687586,3411.721278550265,1.0,1.0
208,186,4471.407250572923,3962.0778151637164,1.0,0.0
209,187,4449.819073912355,3598.4655808065213,1.0,1.0
210,188,4428.335126042726,3912.341430351691,1.0,0.0
211,189,4406.95490374225,3306.431369429957,1.0,1.0
212,190,4385.677906218718,3210.955570389227,1.0,1.0
213,191,4364.503635097771,2914.0585033385555,1.0,1.0
214,192,4343.431594411226,3639.7603355619635,1.0,0.0
215,193,4322.461290585461,2880.2876317124924,1.0,1.0
216,194,4301.59223242985,3081.143253836768,1.0,0.0
217,195,4280.82393112526,3142.9747254945314,1.0,0.0
218,196,4260.155900212603,3692.9702800800264,1.0,0.0
219,197,4239.587655581438,4224.0659082396305,1.0,0.0
220,198,4219.118715458633,4132.539520147197,1.0,1.0
221,199,4198.748600397081,3929.7967225933066,1.0,1.0
222,200,4178.476833264469,2942.0176182949085,1.0,1.0
223,201,4158.302939232104,3221.656434000253,1.0,0.0
224,202,4138.226445763789,3021.549185750783,1.0,1.0
225,203,4118.246882604755,4576.994361995847,1.0,0.0
226,204,4098.363781770647,3719.315787457955,1.0,1.0
227,205,4078.57667753656,4200.4408610517075,1.0,0.0
228,206,4058.8851064261335,4703.829257718968,1.0,0.0
229,207,4039.288607200694,3318.941099500028,1.0,1.0
230,208,4019.7867208484513,2479.3280403180383,1.0,1.0
231,209,4000.378990573746,3697.471657870572,1.0,0.0
232,210,3981.0649617863505,3697.471657870572,0.0,0.0
233,211,3961.8441820908247,4148.75594852866,1.0,0.0
234,212,3942.716201275911,3692.9702800800264,1.0,1.0
235,213,3923.6805713039994,3692.9702800800264,0.0,0.0
236,214,3904.7368463006246,3566.963256021418,1.0,1.0
237,215,3885.884582544027,3060.3325656883344,1.0,1.0
238,216,3867.1233384547545,3514.6328228412576,1.0,0.0
239,217,3848.4526745853273,3060.3325656883344,1.0,1.0
240,218,3829.8721536099365,3888.8967674111445,1.0,0.0
241,219,3811.3813403142058,2579.9528684873126,1.0,1.0
242,220,3792.979801584993,2752.5066309457497,1.0,0.0
243,221,3774.667106400253,3224.784819624179,1.0,0.0
244,222,3756.4428258189287,3018.431192740392,1.0,1.0
245,223,3738.3065329709193,2909.48999629711,1.0,1.0
246,224,3720.2578030470704,3039.5673673080114,1.0,0.0
247,225,3702.2962132892267,2660.426218378605,1.0,1.0
248,226,3684.4213429803335,3040.144554741929,1.0,0.0
249,227,3666.6327734345737,2607.5719793103613,1.0,1.0
250,228,3648.9300879875723,2890.9399974257217,1.0,0.0
251,229,3631.3128719866263,2607.5719793103613,1.0,1.0
252,230,3613.7807127809992,4147.347676840064,1.0,0.0
253,231,3596.333199712249,2493.9347673685734,1.0,1.0
254,232,3578.9699241046196,2606.513037970757,1.0,0.0
255,233,3561.6904792554537,3160.257034547105,1.0,0.0
256,234,3544.494460425682,2776.012858385837,1.0,1.0
257,235,3527.381464830332,3694.6965748586017,1.0,0.0
258,236,3510.3510916290948,2776.012858385837,1.0,1.0
259,237,3493.402941916945,3324.612592109224,1.0,0.0
260,238,3476.536618714783,2621.8064816636634,1.0,1.0
261,239,3459.75172696015,2958.8483116861153,1.0,0.0
262,240,3443.0478734979647,3663.0396279343677,1.0,0.0
263,241,3426.4246670713205,3040.98642751224,1.0,1.0
264,242,3409.8817183123165,3135.745401801213,1.0,0.0
265,243,3393.4186397329427,3040.98642751224,1.0,1.0
266,244,3377.035045715995,2593.1313469609,1.0,1.0
267,245,3360.730552506054,2429.1415405601674,1.0,1.0
268,246,3344.504778200488,4558.839003328867,1.0,0.0
269,247,3328.357342740509,3206.226680890326,1.0,1.0
270,248,3312.287867902275,3438.0043531174215,1.0,0.0
271,249,3296.2959772880236,2831.392883057172,1.0,1.0
272,250,3280.3812963172627,2404.5949106708595,1.0,1.0
273,251,3264.5434522179926,2404.5949106708595,0.0,0.0
274,252,3248.7820740179745,2509.014390187123,1.0,0.0
275,253,3233.0967925360424,2509.014390187123,0.0,0.0
276,254,3217.4872403734566,4161.340978214459,1.0,0.0
277,255,3201.953051905294,2506.006245856578,1.0,1.0
278,256,3186.4938632718904,2506.006245856578,0.0,0.0
279,257,3171.1093123703117,2506.006245856578,0.0,0.0
280,258,3155.799038845874,2506.006245856578,0.0,0.0
281,259,3140.562684083707,3209.9108856988287,1.0,0.0
282,260,3125.3998912003476,3209.9108856988287,0.0,0.0
283,261,3110.310305035386,4736.753327829631,1.0,0.0
284,262,3095.293572143144,3287.1590022862592,1.0,1.0
285,263,3080.3493407843957,2429.1415405601674,1.0,1.0
286,264,3065.47726091813,3287.1590022862592,1.0,0.0
287,265,3050.676984193353,3113.1217925057067,1.0,1.0
288,266,3035.9481639409237,3438.0043531174215,1.0,0.0
289,267,3021.29045516544,3365.790759452773,1.0,1.0
290,268,3006.7035145371538,3118.939143891602,1.0,1.0
291,269,2992.1870003839267,2632.3725884820933,1.0,1.0
292,270,2977.7405726832376,3293.5796207785456,1.0,0.0
293,271,2963.363893054203,4096.85698973968,1.0,0.0
294,272,2949.056624749665,3515.507405758626,1.0,1.0
295,273,2934.818432648295,3912.034811954116,1.0,0.0
296,274,2920.648983246748,3667.5973335281014,1.0,1.0
297,275,2906.5479446518484,2912.999822009192,1.0,1.0
298,276,2892.5149865728204,3110.5502927515577,1.0,0.0
299,277,2878.5497803135436,2597.6142968447293,1.0,1.0
300,278,2864.6519987648635,3885.1133541082736,1.0,0.0
301,279,2850.8213163969226,3731.651945933546,1.0,1.0
302,280,2837.057409251536,5081.344108733132,1.0,0.0
303,281,2823.35995493461,3936.0060684818704,1.0,1.0
304,282,2809.728632608581,3651.656240090686,1.0,1.0
305,283,2796.1631229849077,3969.284846066004,1.0,0.0
306,284,2782.6631083165876,3645.5887086160983,1.0,1.0
307,285,2769.22827239072,3518.3281755157536,1.0,1.0
308,286,2755.8583005210908,2470.4411417937895,1.0,1.0
309,287,2742.5528795408136,2966.1729873039453,1.0,0.0
310,288,2729.311697794979,3072.9897605483548,1.0,0.0
311,289,2716.1344451333694,2858.274992765175,1.0,1.0
312,290,2703.020812903185,3072.9897605483548,1.0,0.0
313,291,2689.970493941817,2858.274992765175,1.0,1.0
314,292,2676.983182569656,3072.9897605483548,1.0,0.0
315,293,2664.0585745829244,4206.63853415451,1.0,0.0
316,294,2651.1963672465586,3382.7591105412484,1.0,1.0
317,295,2638.396259287115,2597.168707641842,1.0,1.0
318,296,2625.6579508857108,2862.9391881352294,1.0,0.0
319,297,2612.981143671005,2828.5364614257446,1.0,1.0
320,298,2600.3655407122114,3183.434595513999,1.0,0.0
321,299,2587.8108465121345,2863.626592670562,1.0,1.0
322,300,2575.3167670002586,2863.626592670562,0.0,0.0
323,301,2562.8830095258522,2895.4802769371927,1.0,0.0
324,302,2550.509282851118,3978.9605059257206,1.0,0.0
325,303,2538.1952971443693,3217.2287856734883,1.0,1.0
326,304,2525.940763973239,3914.498298005289,1.0,0.0
327,305,2513.745396297929,3618.973947771326,1.0,1.0
328,306,2501.608908464481,4612.42438613875,1.0,0.0
329,307,2489.531016198089,3729.6612065414492,1.0,1.0
330,308,2477.5114365964405,3818.72689830046,1.0,0.0
331,309,2465.54988812309,4227.728437130272,1.0,0.0
332,310,2453.6460906008615,3396.553593600915,1.0,1.0
333,311,2441.79976520529,3336.6022813295513,1.0,1.0
334,312,2430.010634458089,3990.769807584226,1.0,0.0
335,313,2418.278422220651,3990.769807584226,0.0,0.0
336,314,2406.602853687579,3990.769807584226,0.0,0.0
337,315,2394.98365538025,4787.878303184605,1.0,0.0
338,316,2383.42055514041,4628.075344310862,1.0,1.0
339,317,2371.913282123798,3691.8466900965777,1.0,1.0
340,318,2360.4615667938033,3691.8466900965777,0.0,0.0
341,319,2349.06514091515,4715.006704317608,1.0,0.0
342,320,2337.7237375476175,3281.0827269592237,1.0,1.0
343,321,2326.437091039784,3565.0804649881393,1.0,0.0
344,322,2315.204937022806,3009.6187853132196,1.0,1.0
345,323,2304.027012404228,3051.1197783292578,1.0,0.0
346,324,2292.9030553618154,3322.6135143025913,1.0,0.0
347,325,2281.832805337427,2632.3725884820933,1.0,1.0
348,326,2270.8160030309064,2632.3725884820933,0.0,0.0
349,327,2259.852390394013,2632.3725884820933,0.0,0.0
350,328,2248.9417106243764,4041.360810726806,1.0,0.0
351,329,2238.0837081594796,3334.5720405702136,1.0,1.0
352,330,2227.2781286706736,4041.360810726806,1.0,0.0
353,331,2216.524719057224,2632.3725884820933,1.0,1.0
354,332,2205.8232274403754,3843.9601416432497,1.0,0.0
355,333,2195.173403157457,2775.012858385837,1.0,1.0
356,334,2184.574996756011,2775.012858385837,0.0,0.0
357,335,2174.0277599879473,3135.745401801213,1.0,0.0
358,336,2163.5314458037305,3135.745401801213,0.0,0.0
359,337,2153.085808346592,4188.076030861497,1.0,0.0
360,338,2142.690602946772,4873.53439888444,1.0,0.0
361,339,2132.3455861157895,2865.0459325077854,1.0,1.0
362,340,2122.050515540737,2951.388722562164,1.0,0.0
363,341,2111.805150078605,2951.388722562164,0.0,0.0
364,342,2101.609249750638,2755.677389935884,1.0,1.0
365,343,2091.462575736705,2340.7936443382837,1.0,1.0
366,344,2081.364890369713,2340.7936443382837,0.0,0.0
367,345,2071.3159571300384,4452.805605132522,1.0,0.0
368,346,2061.3155406399837,3332.4060893837423,1.0,1.0
369,347,2051.36340665827,3652.72741626721,1.0,0.0
370,348,2041.4593220745426,2890.5810207117584,1.0,1.0
371,349,2031.6030549039194,4380.7180470385365,1.0,0.0
372,350,2021.79437428155,3527.128333924087,1.0,1.0
373,351,2012.0330504572125,3205.0608325051976,1.0,1.0
374,352,2002.3188547899297,2606.513037970757,1.0,1.0
375,353,1992.6515597426153,3205.0608325051976,1.0,0.0
376,354,1983.0309388767414,3205.0608325051976,0.0,0.0
377,355,1973.4567668470393,2606.513037970757,1.0,1.0
378,356,1963.9288193962163,2622.785391941009,1.0,0.0
379,357,1954.4468733497058,3054.2029518559666,1.0,0.0
380,358,1945.0107066104404,3862.1559882558927,1.0,0.0
381,359,1935.6200981536454,4092.6749036375163,1.0,0.0
382,360,1926.2748280216679,3815.4139295278833,1.0,1.0
383,361,1916.9746773188194,3646.09490083877,1.0,1.0
384,362,1907.7194282062517,4304.828898065496,1.0,0.0
385,363,1898.5088638968532,4598.806049380896,1.0,0.0
386,364,1889.3427686501698,3716.4366165402866,1.0,1.0
387,365,1880.2209277673562,2677.012858385837,1.0,1.0
388,366,1871.1431275861405,3626.991602810614,1.0,0.0
389,367,1862.1091554758254,4200.642914171421,1.0,0.0
390,368,1853.1187998323028,3243.5036112721195,1.0,1.0
391,369,1844.1718500731029,3018.431192740392,1.0,1.0
392,370,1835.2680966324551,3018.431192740392,0.0,0.0
393,371,1826.4073309563853,3018.431192740392,0.0,0.0
394,372,1817.5893454978273,3565.0804649881393,1.0,0.0
395,373,1808.8139337117623,4598.806049380896,1.0,0.0
396,374,1800.0808900503825,2784.935613510947,1.0,1.0
397,375,1791.390009958272,3083.3564887819007,1.0,0.0
398,376,1782.7410898676226,3322.18940086487,1.0,0.0
399,377,1774.1339271934587,3336.6022813295513,1.0,0.0
400,378,1765.5683203288968,3115.101801485948,1.0,1.0
401,379,1757.04406864042,3115.101801485948,0.0,0.0
402,380,1748.5609724631815,3470.318208947656,1.0,0.0
403,381,1740.1188330963244,4404.3222516959095,1.0,0.0
404,382,1731.7174527983318,4736.753327829631,1.0,0.0
405,383,1723.356634782391,3716.551971039529,1.0,1.0
406,384,1715.036183211786,3715.2085163400866,1.0,1.0
407,385,1706.7559031953106,4830.856980612101,1.0,0.0
408,386,1698.5156007827024,3645.4606876498246,1.0,1.0
409,387,1690.315082960102,4562.8397062295135,1.0,0.0
410,388,1682.1541576455295,3161.1388624160477,1.0,1.0
411,389,1674.0326336843852,4562.8397062295135,1.0,0.0
412,390,1665.9503208449755,5106.253567487269,1.0,0.0
413,391,1657.907029814054,3969.088182283828,1.0,1.0
414,392,1649.902572192387,3969.088182283828,0.0,0.0
415,393,1641.9367604903439,3872.3922520838946,1.0,1.0
416,394,1634.0094081235015,3872.3922520838946,0.0,0.0
417,395,1626.1203294082757,3524.557431509447,1.0,1.0
418,396,1618.2693395575732,3524.557431509447,0.0,0.0
419,397,1610.45625467646,3524.557431509447,0.0,0.0
420,398,1602.6808917578583,3524.557431509447,0.0,0.0
421,399,1594.9430686782555,3392.60384104701,1.0,1.0
422,400,1587.2426041934418,3149.075209001396,1.0,1.0
423,401,1579.579317934263,2784.00426369537,1.0,1.0
424,402,1571.953030402396,2784.00426369537,0.0,0.0
425,403,1564.363562966144,3109.8066224266813,1.0,0.0
426,404,1556.8107378562552,3089.8066242849704,1.0,1.0
427,405,1549.2943781617528,3089.8066242849704,0.0,0.0
428,406,1541.8143078257986,3070.461746618815,1.0,1.0
429,407,1534.370351641564,2464.3839707306583,1.0,1.0
430,408,1526.9623352481271,3024.4647454063315,1.0,0.0
431,409,1519.5900851263902,3783.4386083053587,1.0,0.0
432,410,1512.2534285950148,4325.427743489104,1.0,0.0
433,411,1504.952193806375,4068.3796303576864,1.0,1.0
434,412,1497.6862097425349,4068.3796303576864,0.0,0.0
435,413,1490.4553062112418,4068.3796303576864,0.0,0.0
436,414,1483.2593138419386,4776.380299946717,1.0,0.0
437,415,1476.0980640817984,4068.3796303576864,1.0,1.0
438,416,1468.9713891917766,4068.3796303576864,0.0,0.0
439,417,1461.8791222426792,4068.3796303576864,0.0,0.0
440,418,1454.8210971112564,4345.634526209573,1.0,0.0
441,419,1447.797148476308,3096.778458077003,1.0,1.0
442,420,1440.8071118148143,3527.8583210886736,1.0,0.0
443,421,1433.8508233980801,3527.8583210886736,0.0,0.0
444,422,1426.9281202879013,3958.477582746257,1.0,0.0
445,423,1420.0388403327458,3958.477582746257,0.0,0.0
446,424,1413.1828221639591,3582.316461307197,1.0,1.0
447,425,1406.359905191982,3926.8589500376083,1.0,0.0
448,426,1399.569929602589,3582.316461307197,1.0,1.0
449,427,1392.8127363531469,3373.3875841792164,1.0,1.0
450,428,1386.0881671688862,3191.4927970633407,1.0,1.0
451,429,1379.3960645391978,3191.4927970633407,0.0,0.0
452,430,1372.7362717139426,3301.0239962139376,1.0,0.0
453,431,1366.1086326997743,3319.4422490484817,1.0,0.0
454,432,1359.512992256495,2741.4455007970055,1.0,1.0
455,433,1352.9491958934123,2408.006245856578,1.0,1.0
456,434,1346.4170898657235,3327.418404314003,1.0,0.0
457,435,1339.9165211709114,3545.9981586830772,1.0,0.0
458,436,1333.4473375451648,2932.4499500996076,1.0,1.0
459,437,1327.0093874598083,2932.4499500996076,0.0,0.0
460,438,1320.6025201177556,3304.968793099191,1.0,0.0
461,439,1314.2265854499747,3304.968793099191,0.0,0.0
462,440,1307.8814341119758,3430.508498965039,1.0,0.0
463,441,1301.5669174803124,2408.006245856578,1.0,1.0
464,442,1295.282887649096,2741.4455007970055,1.0,0.0
465,443,1289.0291974265385,2741.4455007970055,0.0,0.0
466,444,1282.8057003315,2646.2328112281375,1.0,1.0
467,445,1276.6122505900587,3830.778797598305,1.0,0.0
468,446,1270.448703132096,3550.4301654055607,1.0,1.0
469,447,1264.3149135879005,4265.408700147693,1.0,0.0
470,448,1258.210738284783,3990.769807584226,1.0,1.0
471,449,1252.1360342437154,3605.017446534319,1.0,1.0
472,450,1246.0906591759772,3565.0804649881393,1.0,1.0
473,451,1240.0744714798263,3565.0804649881393,1.0,0.0
474,452,1234.0873302371822,3019.1175792141103,1.0,1.0
475,453,1228.1290952103197,2983.7661030473037,1.0,1.0
476,454,1222.1996268385922,2753.257756401435,1.0,1.0
477,455,1216.2987862351576,2753.257756401435,0.0,0.0
478,456,1210.4264351837264,2759.47495178838,1.0,0.0
479,457,1204.5824361353239,3157.56159360087,1.0,0.0
480,458,1198.7666522050692,3157.56159360087,0.0,0.0
481,459,1192.9789471689683,3397.1799382929557,1.0,0.0
482,460,1187.2191854607222,2916.498715067392,1.0,1.0
483,461,1181.4872321685548,2916.498715067392,0.0,0.0
484,462,1175.7829530320496,2784.00426369537,1.0,1.0
485,463,1170.106214439007,2784.00426369537,0.0,0.0
486,464,1164.4568834223116,2784.00426369537,0.0,0.0
487,465,1158.8348276568217,2968.494436030721,1.0,0.0
488,466,1153.239915456268,3157.758347150544,1.0,0.0
489,467,1147.6720157701684,3052.33405864983,1.0,1.0
490,468,1142.130998180759,3803.86400784543,1.0,0.0
491,469,1136.6167328999402,3257.5188234580046,1.0,1.0
492,470,1131.1290907662346,3257.5188234580046,0.0,0.0
493,471,1125.6679432417632,3156.8787398144464,1.0,1.0
494,472,1120.2331624092346,3156.8787398144464,0.0,0.0
495,473,1114.8246209689487,4205.05135601356,1.0,0.0
496,474,1109.4421922358151,3156.8787398144464,1.0,1.0
497,475,1104.0857501363828,3622.937361593257,1.0,0.0
498,476,1098.7551692058923,3053.347675523079,1.0,1.0
499,477,1093.4503245853332,3598.4655808065213,1.0,0.0
500,478,1088.1710920185217,3183.647169297995,1.0,1.0
501,479,1082.9173478491864,3255.891685926499,1.0,0.0
502,480,1077.6889690180778,2747.8083916354203,1.0,1.0
503,481,1072.4858330600803,3104.5731773780576,1.0,0.0
504,482,1067.3078181013464,2842.0811734597996,1.0,1.0
505,483,1062.1548028564418,3113.1217925057067,1.0,0.0
506,484,1057.0266666255052,4055.2333632916248,1.0,0.0
507,485,1051.9232892914195,4081.496495259309,1.0,0.0
508,486,1046.8445513169977,4152.195187225931,1.0,0.0
509,487,1041.790333742186,3857.294142611671,1.0,1.0
510,488,1036.7605181812755,4649.162651661561,1.0,0.0
511,489,1031.7549868201295,3632.8873891213148,1.0,1.0
512,490,1026.7736224134223,3204.059546342567,1.0,1.0
513,491,1021.8163082818968,3170.649228288579,1.0,1.0
514,492,1016.8829283096271,4024.102383585413,1.0,0.0
515,493,1011.9733669413013,4068.3796303576864,1.0,0.0
516,494,1007.0875091795148,3823.962305597015,1.0,1.0
517,495,1002.2252405820763,3908.0178732287095,1.0,0.0
518,496,997.3864472593274,4547.735107837535,1.0,0.0
519,497,992.5710158714724,3695.156323223073,1.0,1.0
520,498,987.7788336259279,3695.156323223073,0.0,0.0
521,499,983.0097882746786,3247.49700472382,1.0,1.0
522,500,978.2637681116479,3430.508498965039,1.0,0.0
523,501,973.5406619700809,3430.508498965039,0.0,0.0
524,502,968.8403592199428,2583.5215438306213,1.0,1.0
525,503,964.1627497653247,2583.5215438306213,0.0,0.0
526,504,959.5077240418668,3321.5907606533037,1.0,0.0
527,505,954.8751730141914,4003.7648768729555,1.0,0.0
528,506,950.2649881733495,3692.9678173533225,1.0,1.0
529,507,945.6770615342791,3692.9678173533225,0.0,0.0
530,508,941.111285633273,3300.6387491406094,1.0,1.0
531,509,936.5675535254667,3640.917001102962,1.0,0.0
532,510,932.0457587823298,2856.839840966464,1.0,1.0
533,511,927.5457954891748,2880.1874609002484,1.0,0.0
534,512,923.0675582426742,4747.476861469648,1.0,0.0
535,513,918.6109421483948,4617.895477669706,1.0,1.0
536,514,914.1758428183374,4613.139379082238,1.0,1.0
537,515,909.7621563684936,4613.139379082238,0.0,0.0
538,516,905.3697794164129,3718.408264060182,1.0,1.0
539,517,900.9986090787799,3718.408264060182,0.0,0.0
540,518,896.6485429690055,3718.408264060182,0.0,0.0
541,519,892.3194791948265,2785.0714054301634,1.0,1.0
542,520,888.0113163559224,2785.0714054301634,0.0,0.0
543,521,883.7239535415376,4331.445813627665,1.0,0.0
544,522,879.4572903281198,2779.8400857959823,1.0,1.0
545,523,875.2112267769645,2779.8400857959823,0.0,0.0
546,524,870.9856634318786,2618.048241683644,1.0,1.0
547,525,866.7805013168465,2618.048241683644,0.0,0.0
548,526,862.5956419337145,2618.048241683644,0.0,0.0
549,527,858.4309872598832,2618.048241683644,0.0,0.0
550,528,854.2864397460107,3646.09490083877,1.0,0.0
551,529,850.1619023137295,3396.553593600915,1.0,1.0
552,530,846.0572783533684,4797.0131117270785,1.0,0.0
553,531,841.972471721695,4472.591079637989,1.0,1.0
554,532,837.9073867396604,3862.3560122264735,1.0,1.0
555,533,833.8619281901598,3586.308553752285,1.0,1.0
556,534,829.8360013157992,3586.308553752285,0.0,0.0
557,535,825.8295118166803,3586.308553752285,0.0,0.0
558,536,821.8423658481881,3130.92103339989,1.0,1.0
559,537,817.8744700187941,3267.0998062024496,1.0,0.0
560,538,813.9257313878693,3190.052222776117,1.0,1.0
561,539,809.9960574635062,3314.123063515117,1.0,0.0
562,540,806.0853562003541,3314.123063515117,0.0,0.0
563,541,802.1935359974591,2709.1210326623445,1.0,1.0
564,542,798.3205056961236,2571.525487060211,1.0,1.0
565,543,794.4661745777684,2249.0562647240413,1.0,1.0
566,544,790.6304523618077,3116.4564472534157,1.0,0.0
567,545,786.8132492035345,2336.9381641419786,1.0,1.0
568,546,783.0144756920178,2336.9381641419786,0.0,0.0
569,547,779.2340428480054,3156.802035000088,1.0,0.0
570,548,775.4718621218422,4000.050568814408,1.0,0.0
571,549,771.7278453913954,3645.769256281949,1.0,1.0
572,550,768.0019049599897,3646.09490083877,1.0,0.0
573,551,764.293953554355,3057.121252862631,1.0,1.0
574,552,760.6039043225786,2621.8064816636634,1.0,1.0
575,553,756.931670832075,2605.5255452113183,1.0,1.0
576,554,753.2771670675592,2766.223329899281,1.0,0.0
577,555,749.6403074290321,3275.2847638840326,1.0,0.0
578,556,746.0210067297754,3275.2847638840326,0.0,0.0
579,557,742.4191801943565,2960.3997497461073,1.0,1.0
580,558,738.8347434566437,2632.3725884820933,1.0,1.0
581,559,735.2676125578278,3843.9601416432497,1.0,0.0
582,560,731.7177039444579,4080.2481021868334,1.0,0.0
583,561,728.1849344664832,4041.360810726806,1.0,1.0
584,562,724.6692213753058,2632.3725884820933,1.0,1.0
585,563,721.1704823218405,4540.13305607678,1.0,0.0
586,564,717.6886353545896,4295.420403020791,1.0,1.0
587,565,714.2235989177201,3622.937361593257,1.0,1.0
588,566,710.7752918491553,4776.380299946717,1.0,0.0
589,567,707.3436333786728,3096.778458077003,1.0,1.0
590,568,703.9285431260122,3096.778458077003,0.0,0.0
591,569,700.5299410989942,3096.778458077003,0.0,0.0
592,570,697.1477476916447,2927.449023222595,1.0,1.0
593,571,693.7818836823315,3085.9022992798336,1.0,0.0
594,572,690.4322702319088,3085.9022992798336,0.0,0.0
595,573,687.0988288818704,2583.5414510602227,1.0,1.0
596,574,683.7814815525097,3585.7505625913386,1.0,0.0
597,575,680.480150541095,2927.449023222595,1.0,1.0
598,576,677.1947585200465,2927.449023222595,0.0,0.0
599,577,673.9252285351254,2927.449023222595,0.0,0.0
600,578,670.6714840036325,3510.2546281838045,1.0,0.0
601,579,667.4334487126127,3510.2546281838045,0.0,0.0
602,580,664.2110468170723,3510.2546281838045,0.0,0.0
603,581,661.0042028381995,3577.579717851302,1.0,0.0
604,582,657.8128416615987,3172.3224407471575,1.0,1.0
605,583,654.6368885355304,2923.4992873248557,1.0,1.0
606,584,651.4762690691606,3056.7938958410564,1.0,0.0
607,585,648.3309092308162,3039.4121545089424,1.0,1.0
608,586,645.2007353462548,3039.4121545089424,0.0,0.0
609,587,642.085674096936,4409.268095612781,1.0,0.0
610,588,638.9856525183046,3629.1667533858513,1.0,1.0
611,589,635.9005979980827,3629.1667533858513,0.0,0.0
612,590,632.8304382745672,4641.391683659894,1.0,0.0
613,591,629.7751014349391,3090.8585981234273,1.0,1.0
614,592,626.7345159135771,4430.77098852352,1.0,0.0
615,593,623.7086104903829,2742.2895074376174,1.0,1.0
616,594,620.6973142891122,2742.2895074376174,0.0,0.0
617,595,617.7005567757153,2742.2895074376174,0.0,0.0
618,596,614.7182677566828,2742.2895074376174,0.0,0.0
619,597,611.7503773774046,2742.2895074376174,0.0,0.0
620,598,608.7968161205318,2742.2895074376174,0.0,0.0
621,599,605.8575148043482,2742.2895074376174,0.0,0.0
622,600,602.9324045811511,2742.2895074376174,0.0,0.0
623,601,600.021416935637,3384.376603480222,1.0,0.0
624,602,597.1244836832991,3515.184492034073,1.0,0.0
625,603,594.2415369688268,3515.184492034073,0.0,0.0
626,604,591.3725092645202,3085.9022992798336,1.0,1.0
627,605,588.5173333687056,3515.184492034073,1.0,0.0
628,606,585.675942404163,3570.112510242738,1.0,0.0
629,607,582.8482698165574,3570.112510242738,0.0,0.0
630,608,580.0342493728828,3570.112510242738,0.0,0.0
631,609,577.2338151599096,3704.248370013885,1.0,0.0
632,610,574.4469015826393,2763.3460138336754,1.0,1.0
633,611,571.6734433627706,2763.3460138336754,0.0,0.0
634,612,568.9133755371683,2763.3460138336754,0.0,0.0
635,613,566.1666334563431,2763.3460138336754,0.0,0.0
636,614,563.4331527829356,2709.5744166696463,1.0,1.0
637,615,560.7128694902113,3161.3436818980695,1.0,0.0
638,616,558.0057198605599,2732.1109420512976,1.0,1.0
639,617,555.311640484003,2732.1109420512976,0.0,0.0
640,618,552.6305682567074,2506.0121034392573,1.0,1.0
641,619,549.96244037951,2506.0121034392573,0.0,0.0
642,620,547.3071943564446,3154.0880607474237,1.0,0.0
643,621,544.6647679932781,3258.2292679160523,1.0,0.0
644,622,542.0350993960554,3258.2292679160523,0.0,0.0
645,623,539.4181269696472,2605.5255452113183,1.0,1.0
646,624,536.8137894163096,2621.8064816636634,1.0,0.0
647,625,534.2220257342465,2621.8064816636634,0.0,0.0
648,626,531.6427752161819,2507.9812027868543,1.0,1.0
649,627,529.0759774479376,2709.1210326623445,1.0,0.0
650,628,526.5215723070182,2571.525487060211,1.0,1.0
651,629,523.9794999612018,2571.525487060211,0.0,0.0
652,630,521.4497008671405,2571.525487060211,0.0,0.0
653,631,518.9321157689641,2571.525487060211,0.0,0.0
654,632,516.4266856968928,2459.6108524172014,1.0,1.0
655,633,513.933351965856,2459.6108524172014,0.0,0.0
656,634,511.4520561741172,2459.6108524172014,0.0,0.0
657,635,508.9827402019068,2459.6108524172014,0.0,0.0
658,636,506.5253462100597,2459.6108524172014,0.0,0.0
659,637,504.0798166386619,2459.6108524172014,0.0,0.0
660,638,501.64609420570116,2459.6108524172014,0.0,0.0
661,639,499.22412190572607,2459.6108524172014,0.0,0.0
662,640,496.81384300850925,2459.6108524172014,0.0,0.0
663,641,494.41520105772076,2459.6108524172014,0.0,0.0
664,642,492.0281398696046,2459.6108524172014,0.0,0.0
665,643,489.652603531662,2459.6108524172014,0.0,0.0
666,644,487.2885364013433,2459.6108524172014,0.0,0.0
667,645,484.93588310474314,2459.6108524172014,0.0,0.0
668,646,482.5945885353048,2459.6108524172014,0.0,0.0
669,647,480.2645978525282,2459.6108524172014,0.0,0.0
670,648,477.94585648068625,2459.6108524172014,0.0,0.0
671,649,475.63831010754615,3510.1345202818293,1.0,0.0
672,650,473.34190468309754,2459.6108524172014,1.0,1.0
673,651,471.0565864182851,2459.6108524172014,0.0,0.0
674,652,468.782301783751,3010.5176333371705,1.0,0.0
675,653,466.5189975085794,2865.872284839669,1.0,1.0
676,654,464.26662057904866,3019.943174236604,1.0,0.0
677,655,462.02511823739087,2915.44826109493,1.0,1.0
678,656,459.7944379805543,3139.8823596756274,1.0,0.0
679,657,457.5745275589753,2978.8730568399906,1.0,1.0
680,658,455.3653349753533,2978.8730568399906,0.0,0.0
681,659,453.16680848343344,2978.8730568399906,0.0,0.0
682,660,450.97889658679435,2622.337292548434,1.0,1.0
683,661,448.8015480376424,2622.337292548434,0.0,0.0
684,662,446.63471183560955,2978.8730568399906,1.0,0.0
685,663,444.4783372265614,2978.8730568399906,0.0,0.0
686,664,442.3323737014066,2531.225965042697,1.0,1.0
687,665,440.19677099491383,2531.225965042697,0.0,0.0
688,666,438.0714790845356,2531.225965042697,0.0,0.0
689,667,435.9564481892348,2531.225965042697,0.0,0.0
690,668,433.8516287683206,2531.225965042697,0.0,0.0
691,669,431.7569715202862,2531.225965042697,0.0,0.0
692,670,429.6724273816555,2531.225965042697,0.0,0.0
693,671,427.5979475258334,2531.225965042697,0.0,0.0
694,672,425.53348336196194,2531.225965042697,0.0,0.0
695,673,423.47898653378144,3190.7279479806652,1.0,0.0
696,674,421.4344089184997,2531.225965042697,1.0,1.0
697,675,419.3997026256634,2531.225965042697,0.0,0.0
698,676,417.3748199960365,2531.225965042697,0.0,0.0
699,677,415.35971360048455,2607.6845439267595,1.0,0.0
700,678,413.35433623886274,2607.6845439267595,0.0,0.0
701,679,411.35864093891155,2755.677389935884,1.0,0.0
702,680,409.3725809551553,2755.677389935884,0.0,0.0
703,681,407.396109767808,2755.677389935884,0.0,0.0
704,682,405.4291810816837,2755.677389935884,0.0,0.0
705,683,403.47174882511206,2755.677389935884,0.0,0.0
706,684,401.5237671488581,3150.0745575775504,1.0,0.0
707,685,399.5851904250501,3209.943881701858,1.0,0.0
708,686,397.6559732461101,3209.943881701858,0.0,0.0
709,687,395.7360704236894,3045.4009913953396,1.0,1.0
710,688,393.82543698761157,3122.6973479350986,1.0,0.0
711,689,391.924028184818,3060.974793825525,1.0,1.0
712,690,390.0317994783206,3060.974793825525,0.0,0.0
713,691,388.14870654615726,3060.974793825525,0.0,0.0
714,692,386.27470528035525,3060.974793825525,0.0,0.0
715,693,384.40975178589724,3060.974793825525,0.0,0.0
716,694,382.5538023796929,3060.974793825525,0.0,0.0
717,695,380.70681358955596,3060.974793825525,0.0,0.0
718,696,378.8687421531864,3085.8872142242635,1.0,0.0
719,697,377.03954501715685,3158.288263876954,1.0,0.0
720,698,375.2191793359034,2969.4091860236067,1.0,1.0
721,699,373.40760247072325,2700.7219962044865,1.0,1.0
722,700,371.604771988775,2700.7219962044865,0.0,0.0
723,701,369.8106456620854,2700.7219962044865,0.0,0.0
724,702,368.0251814665597,2700.7219962044865,0.0,0.0
725,703,366.24833758099766,2700.7219962044865,0.0,0.0
726,704,364.4800723861142,2700.7219962044865,0.0,0.0
727,705,362.72034446356383,2700.7219962044865,0.0,0.0
728,706,360.9691125949706,3135.7130774491534,1.0,0.0
729,707,359.2263357609637,3025.3583239587592,1.0,1.0
730,708,357.4919731402156,3025.3583239587592,0.0,0.0
731,709,355.7659841084856,3025.3583239587592,0.0,0.0
732,710,354.04832823767,3025.3583239587592,0.0,0.0
733,711,352.33896529485264,3600.2965784533094,1.0,0.0
734,712,350.6378552413651,3600.2965784533094,0.0,0.0
735,713,348.9449582318467,3918.0639094392404,1.0,0.0
736,714,347.26023461331283,3918.0639094392404,0.0,0.0
737,715,345.5836449242253,3003.6323208148824,1.0,1.0
738,716,343.91514989356773,2878.058302147481,1.0,1.0
739,717,342.25471043992655,2878.058302147481,0.0,0.0
740,718,340.60228767057527,2862.4952540135964,1.0,1.0
741,719,338.9578428805634,3079.238291273147,1.0,0.0
742,720,337.3213375518096,3065.3001801049513,1.0,1.0
743,721,335.6927333522002,3065.3001801049513,0.0,0.0
744,722,334.07199213469016,3065.3001801049513,0.0,0.0
745,723,332.4590759364112,3081.5553160937343,1.0,0.0
746,724,330.8539469777807,2877.9407330417253,1.0,1.0
747,725,329.25656766161853,3153.17210652253,1.0,0.0
748,726,327.6669005722655,2976.59384606027,1.0,1.0
749,727,326.0849084747063,2831.447083503727,1.0,1.0
750,728,324.51055431369906,2317.9929633261722,1.0,1.0
751,729,322.94380121290607,2317.9929633261722,0.0,0.0
752,730,321.38461247403063,2317.9929633261722,0.0,0.0
753,731,319.83295157595677,2317.9929633261722,0.0,0.0
754,732,318.2887821738949,2317.9929633261722,0.0,0.0
755,733,316.75206809852926,3526.488718638987,1.0,0.0
756,734,315.2227733551719,3526.488718638987,0.0,0.0
757,735,313.7008621229186,3526.488718638987,0.0,0.0
758,736,312.18629875381043,3526.488718638987,0.0,0.0
759,737,310.6790477719989,3526.488718638987,0.0,0.0
760,738,309.1790738729138,2976.59384606027,1.0,1.0
761,739,307.6863419224379,2976.59384606027,0.0,0.0
762,740,306.20081695608314,2976.59384606027,0.0,0.0
763,741,304.7224641781717,2777.347269431898,1.0,1.0
764,742,303.2512489610207,2747.0473052673738,1.0,1.0
765,743,301.7871368441319,3284.6655776610564,1.0,0.0
766,744,300.33009353338366,3284.6655776610564,0.0,0.0
767,745,298.8800849002285,3284.6655776610564,0.0,0.0
768,746,297.43707698089275,3284.6655776610564,0.0,0.0
769,747,296.00103597558194,3822.7903235033423,1.0,0.0
770,748,294.5719282476888,3284.6655776610564,1.0,1.0
771,749,293.1497203230045,3284.6655776610564,0.0,0.0
772,750,291.7343788889362,3284.6655776610564,0.0,0.0
773,751,290.32587079372547,3319.4246958964304,1.0,0.0
774,752,288.9241630456726,3319.4246958964304,0.0,0.0
775,753,287.5292228123629,3372.0387390567785,1.0,0.0
776,754,286.1410174198987,3372.0387390567785,0.0,0.0
777,755,284.7595143521331,3357.432495689599,1.0,1.0
778,756,283.3846812499093,3379.9635833861803,1.0,0.0
779,757,282.0164859103016,3379.9635833861803,0.0,0.0
780,758,280.65489628586187,3379.9635833861803,0.0,0.0
781,759,279.299880483869,3193.1736242213333,1.0,1.0
782,760,277.95140676558066,3372.0387390567785,1.0,0.0
783,761,276.6094435454915,3372.0387390567785,0.0,0.0
784,762,275.2739593905922,3440.4401892021206,1.0,0.0
785,763,273.94492301963396,3440.4401892021206,0.0,0.0
786,764,272.6223033023948,3440.4401892021206,0.0,0.0
787,765,271.3060692589516,3440.4401892021206,0.0,0.0
788,766,269.99619005895335,3137.0721205417717,1.0,1.0
789,767,268.6926350209,3024.4647454063315,1.0,1.0
790,768,267.3953736114227,2430.1260138841135,1.0,1.0
791,769,266.1043754445699,2594.1204168669346,1.0,0.0
792,770,264.81961028109464,2594.1204168669346,0.0,0.0
793,771,263.5410480277461,2594.1204168669346,0.0,0.0
794,772,262.26865873656595,2594.1204168669346,0.0,0.0
795,773,261.00241260418557,2594.1204168669346,0.0,0.0
796,774,259.7422799711288,2594.1204168669346,0.0,0.0
797,775,258.48823132111664,2594.1204168669346,0.0,0.0
798,776,257.2402372803764,2594.1204168669346,0.0,0.0
799,777,255.99826861695306,2594.1204168669346,0.0,0.0
800,778,254.76229624002542,2594.1204168669346,0.0,0.0
801,779,253.53229119922375,2594.1204168669346,0.0,0.0
802,780,252.3082246839524,2594.1204168669346,0.0,0.0
803,781,251.090068022715,2594.1204168669346,0.0,0.0
804,782,249.87779268244174,2594.1204168669346,0.0,0.0
805,783,248.6713702678226,2890.9399974257217,1.0,0.0
806,784,247.4707725206414,2890.9399974257217,0.0,0.0
807,785,246.27597131911406,2865.0459325077854,1.0,1.0
808,786,245.08693867722954,2607.6845439267595,1.0,1.0
809,787,243.90364674409517,2607.6845439267595,0.0,0.0
810,788,242.7260678032832,2607.6845439267595,0.0,0.0
811,789,241.55417427218273,2607.6845439267595,0.0,0.0
812,790,240.38793870135262,2607.6845439267595,0.0,0.0
813,791,239.22733377387934,3338.9640464503373,1.0,0.0
814,792,238.07233230473676,2416.796351697525,1.0,1.0
815,793,236.9229072401489,2416.796351697525,0.0,0.0
816,794,235.77903165695736,2700.7219962044865,1.0,0.0
817,795,234.64067876198988,2878.058302147481,1.0,0.0
818,796,233.50782189143303,3039.110983457899,1.0,0.0
819,797,232.38043451020746,3511.6278477743203,1.0,0.0
820,798,231.2584902113464,3333.3438718110074,1.0,1.0
821,799,230.14196271537762,3333.3438718110074,0.0,0.0
822,800,229.03082586970723,3333.3438718110074,0.0,0.0
823,801,227.9250536480073,3333.3438718110074,0.0,0.0
824,802,226.82462014960646,3503.111090654146,1.0,0.0
825,803,225.7294995988832,3018.9776004955033,1.0,1.0
826,804,224.63966634466146,3018.9776004955033,0.0,0.0
827,805,223.55509485961088,3018.9776004955033,0.0,0.0
828,806,222.47575973964808,3085.9161295859894,1.0,0.0
829,807,221.4016357033421,3085.9161295859894,0.0,0.0
830,808,220.33269759132156,3085.9161295859894,0.0,0.0
831,809,219.268920365686,3051.1197783292578,1.0,1.0
832,810,218.21027910941928,3051.1197783292578,0.0,0.0
833,811,217.15674902580582,3181.196557704382,1.0,0.0
834,812,216.10830543784968,3181.196557704382,0.0,0.0
835,813,215.06492378769673,3181.196557704382,0.0,0.0
836,814,214.0265796360597,3101.173974687849,1.0,1.0
837,815,212.99324866164477,3101.173974687849,0.0,0.0
838,816,211.964906660583,3101.173974687849,0.0,0.0
839,817,210.94152954586298,3060.974793825525,1.0,1.0
840,818,209.9230933467664,3060.974793825525,0.0,0.0
841,819,208.90957420830676,3036.245427521055,1.0,1.0
842,820,207.90094839067066,2992.582360871634,1.0,1.0
843,821,206.89719226866174,2992.582360871634,0.0,0.0
844,822,205.89828233114736,2992.582360871634,0.0,0.0
845,823,204.9041951805075,2992.582360871634,0.0,0.0
846,824,203.91490753208726,2969.4091860236067,1.0,1.0
847,825,202.93039621365133,2914.140489385075,1.0,1.0
848,826,201.95063816484057,2914.140489385075,0.0,0.0
849,827,200.97561043663285,2914.140489385075,0.0,0.0
850,828,200.0052901908053,2914.140489385075,0.0,0.0
851,829,199.03965469939837,2914.140489385075,0.0,0.0
852,830,198.07868134418482,2969.4091860236067,1.0,0.0
853,831,197.12234761613917,3384.376603480222,1.0,0.0
854,832,196.17063111491078,3384.376603480222,0.0,0.0
855,833,195.22350954829852,2969.4091860236067,1.0,1.0
856,834,194.28096073172964,3236.5293118661148,1.0,0.0
857,835,193.34296258773946,2855.826130980877,1.0,1.0
858,836,192.40949314545452,2855.826130980877,0.0,0.0
859,837,191.48053054007732,3001.9557459391003,1.0,0.0
860,838,190.5560530123753,3001.9557459391003,0.0,0.0
861,839,189.6360389081702,3001.9557459391003,0.0,0.0
862,840,188.72046667783155,3001.9557459391003,0.0,0.0
863,841,187.80931487577104,3045.4041605084954,1.0,0.0
864,842,186.90256215994114,3045.4041605084954,0.0,0.0
865,843,186.00018729133464,3036.245427521055,1.0,1.0
866,844,185.10216913348756,3526.404265888774,1.0,0.0
867,845,184.2084866519833,3526.404265888774,0.0,0.0
868,846,183.31911891396086,3526.404265888774,0.0,0.0
869,847,182.43404508762413,3797.8960692599208,1.0,0.0
870,848,181.55324444175378,3233.353229942398,1.0,1.0
871,849,180.676696345222,3233.353229942398,0.0,0.0
872,850,179.80438026650918,2805.0606516335974,1.0,1.0
873,851,178.93627577322238,2805.0606516335974,0.0,0.0
874,852,178.07236253161784,2805.0606516335974,0.0,0.0
875,853,177.212620306124,2805.0606516335974,0.0,0.0
876,854,176.35702895886732,2805.0606516335974,0.0,0.0
877,855,175.50556844920132,2805.0606516335974,0.0,0.0
878,856,174.65821883323656,2805.0606516335974,0.0,0.0
879,857,173.81496026337376,2805.0606516335974,0.0,0.0
880,858,172.97577298783884,2919.8920858440524,1.0,0.0
881,859,172.14063735022015,2919.8920858440524,0.0,0.0
882,860,171.30953378900864,2919.8920858440524,0.0,0.0
883,861,170.48244283713817,2776.012858385837,1.0,1.0
884,862,169.65934512153154,2776.012858385837,0.0,0.0
885,863,168.8402213626454,2776.012858385837,0.0,0.0
886,864,168.025052374019,2776.012858385837,0.0,0.0
887,865,167.21381906182472,2776.012858385837,0.0,0.0
888,866,166.406502424421,2776.012858385837,0.0,0.0
889,867,165.60308355190725,2776.012858385837,0.0,0.0
890,868,164.80354362568033,2776.012858385837,0.0,0.0
891,869,164.00786391799477,2776.012858385837,0.0,0.0
892,870,163.21602579152338,2776.012858385837,0.0,0.0
893,871,162.4280106989211,2776.012858385837,0.0,0.0
894,872,161.6438001823899,2776.012858385837,0.0,0.0
895,873,160.8633758732474,2776.012858385837,0.0,0.0
896,874,160.08671949149593,2776.012858385837,0.0,0.0
897,875,159.31381284539478,2776.012858385837,0.0,0.0
898,876,158.54463783103336,2863.3885140628327,1.0,0.0
899,877,157.7791764319081,2776.012858385837,1.0,1.0
900,878,157.01741071849995,2776.012858385837,0.0,0.0
901,879,156.25932284785435,2776.012858385837,0.0,0.0
902,880,155.5048950631635,2776.012858385837,0.0,0.0
903,881,154.75410969335027,2776.012858385837,0.0,0.0
904,882,154.00694915265478,2776.012858385837,0.0,0.0
905,883,153.26339594022107,2776.012858385837,0.0,0.0
906,884,152.52343263968916,2776.012858385837,0.0,0.0
907,885,151.7870419187858,2776.012858385837,0.0,0.0
908,886,151.05420652891874,2776.012858385837,0.0,0.0
909,887,150.32490930477292,2776.012858385837,0.0,0.0
910,888,149.59913316390816,2776.012858385837,0.0,0.0
911,889,148.87686110635937,2776.012858385837,0.0,0.0
912,890,148.15807621423772,2776.012858385837,0.0,0.0
913,891,147.44276165133513,2863.3885140628327,1.0,0.0
914,892,146.7309006627295,2863.3885140628327,0.0,0.0
915,893,146.02247657439244,2776.012858385837,1.0,1.0
916,894,145.3174727927982,2776.012858385837,0.0,0.0
917,895,144.61587280453583,2776.012858385837,0.0,0.0
918,896,143.9176601759217,2776.012858385837,0.0,0.0
919,897,143.2228185526151,2776.012858385837,0.0,0.0
920,898,142.53133165923444,2776.012858385837,0.0,0.0
921,899,141.84318329897684,2776.012858385837,0.0,0.0
922,900,141.1583573532383,2863.3885140628327,1.0,0.0
923,901,140.4768377812362,2863.3885140628327,0.0,0.0
924,902,139.7986086196337,2625.5770108822103,1.0,1.0
925,903,139.12365398216568,2605.5255452113183,1.0,1.0
926,904,138.4519580592669,2605.5255452113183,0.0,0.0
927,905,137.78350511770088,2621.8064816636634,1.0,0.0
928,906,137.1182795001926,2621.8064816636634,0.0,0.0
929,907,136.45626562506098,2621.8064816636634,0.0,0.0
930,908,135.797447985854,2621.8064816636634,0.0,0.0
931,909,135.14181115098566,2621.8064816636634,0.0,0.0
932,910,134.48933976337432,2621.8064816636634,0.0,0.0
933,911,133.84001854008326,2621.8064816636634,0.0,0.0
934,912,133.1938322719622,2621.8064816636634,0.0,0.0
935,913,132.55076582329173,2621.8064816636634,0.0,0.0
936,914,131.9108041314283,2621.8064816636634,0.0,0.0
937,915,131.27393220645178,2621.8064816636634,0.0,0.0
938,916,130.6401351308136,2621.8064816636634,0.0,0.0
939,917,130.00939805898835,2621.8064816636634,0.0,0.0
940,918,129.38170621712547,2621.8064816636634,0.0,0.0
941,919,128.75704490270294,2605.5255452113183,1.0,1.0
942,920,128.13539948418372,2605.5255452113183,0.0,0.0
943,921,127.51675540067227,2605.5255452113183,0.0,0.0
944,922,126.90109816157387,2605.5255452113183,0.0,0.0
945,923,126.2884133462551,2605.5255452113183,0.0,0.0
946,924,125.67868660370607,2605.5255452113183,0.0,0.0
947,925,125.0719036522043,2621.8064816636634,1.0,0.0
948,926,124.46805027898036,2654.5536713259485,1.0,0.0
949,927,123.86711233988412,2654.5536713259485,0.0,0.0
950,928,123.26907575905483,2654.5536713259485,0.0,0.0
951,929,122.67392652859039,2654.5536713259485,0.0,0.0
952,930,122.08165070821961,2654.5536713259485,0.0,0.0
953,931,121.49223442497563,2654.5536713259485,0.0,0.0
954,932,120.90566387287089,2654.5536713259485,0.0,0.0
955,933,120.32192531257402,2654.5536713259485,0.0,0.0
956,934,119.74100507108744,2654.5536713259485,0.0,0.0
957,935,119.16288954142784,2998.581941731745,1.0,0.0
958,936,118.587565182307,2998.581941731745,0.0,0.0
959,937,118.01501851781475,2998.581941731745,0.0,0.0
960,938,117.44523613710308,2773.952475507215,1.0,1.0
961,939,116.87820469407244,2773.952475507215,0.0,0.0
962,940,116.31391090705897,2773.952475507215,0.0,0.0
963,941,115.75234155852299,2773.952475507215,0.0,0.0
964,942,115.1934834947401,2773.952475507215,0.0,0.0
965,943,114.63732362549263,2773.952475507215,0.0,0.0
966,944,114.08384892376314,2773.952475507215,0.0,0.0
967,945,113.53304642542923,2773.952475507215,0.0,0.0
968,946,112.98490322896,2773.952475507215,0.0,0.0
969,947,112.43940649511373,2773.952475507215,0.0,0.0
970,948,111.89654344663741,2773.952475507215,0.0,0.0
971,949,111.35630136796664,2773.952475507215,0.0,0.0
972,950,110.81866760492902,2773.952475507215,0.0,0.0
973,951,110.2836295644469,2773.952475507215,0.0,0.0
974,952,109.75117471424264,2773.952475507215,0.0,0.0
975,953,109.22129058254508,2773.952475507215,0.0,0.0
976,954,108.69396475779735,2831.447083503727,1.0,0.0
977,955,108.16918488836632,2317.9929633261722,1.0,1.0
978,956,107.64693868225288,2317.9929633261722,0.0,0.0
979,957,107.12721390680458,2317.9929633261722,0.0,0.0
980,958,106.6099983884287,2317.9929633261722,0.0,0.0
981,959,106.09528001230741,2317.9929633261722,0.0,0.0
982,960,105.58304672211341,2317.9929633261722,0.0,0.0
983,961,105.07328651972836,2317.9929633261722,0.0,0.0
984,962,104.56598746496132,2317.9929633261722,0.0,0.0
985,963,104.06113767526901,2317.9929633261722,0.0,0.0
986,964,103.55872532547787,2317.9929633261722,0.0,0.0
987,965,103.05873864750679,2317.9929633261722,0.0,0.0
988,966,102.56116593009155,2317.9929633261722,0.0,0.0
989,967,102.06599551851046,2317.9929633261722,0.0,0.0
990,968,101.5732158143115,2317.9929633261722,0.0,0.0
991,969,101.08281527504045,2317.9929633261722,0.0,0.0
992,970,100.59478241397086,2317.9929633261722,0.0,0.0
993,971,100.10910579983421,2317.9929633261722,0.0,0.0
994,972,99.62577405655327,2317.9929633261722,0.0,0.0
995,973,99.1447758629749,2317.9929633261722,0.0,0.0
996,974,98.66609995260502,2317.9929633261722,0.0,0.0
997,975,98.1897351133448,2317.9929633261722,0.0,0.0
998,976,97.7156701872279,2317.9929633261722,0.0,0.0
999,977,97.24389407015939,2317.9929633261722,0.0,0.0
1000,978,96.77439571165506,2317.9929633261722,0.0,0.0
1001,979,96.30716411458339,2317.9929633261722,0.0,0.0
1002,980,95.8421883349074,2317.9929633261722,0.0,0.0
1003,981,95.37945748142856,2317.9929633261722,0.0,0.0
1004,982,94.9189607155313,2317.9929633261722,0.0,0.0
1005,983,94.46068725092975,2317.9929633261722,0.0,0.0
1006,984,94.00462635341474,2317.9929633261722,0.0,0.0
1007,985,93.5507673406021,2317.9929633261722,0.0,0.0
1008,986,93.09909958168305,2317.9929633261722,0.0,0.0
1009,987,92.64961249717474,2317.9929633261722,0.0,0.0
1010,988,92.20229555867266,2317.9929633261722,0.0,0.0
1011,989,91.75713828860393,2317.9929633261722,0.0,0.0
1012,990,91.31413025998187,2317.9929633261722,0.0,0.0
1013,991,90.87326109616188,2317.9929633261722,0.0,0.0
1014,992,90.43452047059846,2317.9929633261722,0.0,0.0
1015,993,89.99789810660265,2317.9929633261722,0.0,0.0
1016,994,89.5633837771024,2317.9929633261722,0.0,0.0
1017,995,89.1309673044023,2317.9929633261722,0.0,0.0
1018,996,88.70063855994532,2317.9929633261722,0.0,0.0
1019,997,88.27238746407566,2317.9929633261722,0.0,0.0
1020,998,87.84620398580259,2317.9929633261722,0.0,0.0
1021,999,87.42207814256551,2317.9929633261722,0.0,0.0
1022,1000,87.0,2317.9929633261722,0.0,0.0
